filename,label
rolled-in_scale_rolled-in_scale_126.jpg,rolled-in_scale
patches_patches_54.jpg,patches
crazing_crazing_226.jpg,crazing
rolled-in_scale_rolled-in_scale_171.jpg,rolled-in_scale
crazing_crazing_231.jpg,crazing
crazing_crazing_123.jpg,crazing
crazing_crazing_228.jpg,crazing
patches_patches_51.jpg,patches
pitted_surface_pitted_surface_162.jpg,pitted_surface
pitted_surface_pitted_surface_69.jpg,pitted_surface
rolled-in_scale_rolled-in_scale_40.jpg,rolled-in_scale
pitted_surface_pitted_surface_223.jpg,pitted_surface
crazing_crazing_36.jpg,crazing
rolled-in_scale_rolled-in_scale_45.jpg,rolled-in_scale
crazing_crazing_33.jpg,crazing
inclusion_inclusion_212.jpg,inclusion
rolled-in_scale_rolled-in_scale_3.jpg,rolled-in_scale
rolled-in_scale_rolled-in_scale_41.jpg,rolled-in_scale
scratches_scratches_92.jpg,scratches
pitted_surface_pitted_surface_8.jpg,pitted_surface
rolled-in_scale_rolled-in_scale_52.jpg,rolled-in_scale
patches_patches_127.jpg,patches
inclusion_inclusion_46.jpg,inclusion
crazing_crazing_119.jpg,crazing
scratches_scratches_83.jpg,scratches
inclusion_inclusion_237.jpg,inclusion
inclusion_inclusion_77.jpg,inclusion
patches_patches_143.jpg,patches
inclusion_inclusion_63.jpg,inclusion
pitted_surface_pitted_surface_75.jpg,pitted_surface
crazing_crazing_170.jpg,crazing
rolled-in_scale_rolled-in_scale_188.jpg,rolled-in_scale
pitted_surface_pitted_surface_221.jpg,pitted_surface
crazing_crazing_236.jpg,crazing
inclusion_inclusion_209.jpg,inclusion
inclusion_inclusion_204.jpg,inclusion
rolled-in_scale_rolled-in_scale_158.jpg,rolled-in_scale
patches_patches_50.jpg,patches
scratches_scratches_213.jpg,scratches
crazing_crazing_177.jpg,crazing
crazing_crazing_92.jpg,crazing
patches_patches_75.jpg,patches
pitted_surface_pitted_surface_200.jpg,pitted_surface
crazing_crazing_121.jpg,crazing
pitted_surface_pitted_surface_59.jpg,pitted_surface
patches_patches_228.jpg,patches
rolled-in_scale_rolled-in_scale_79.jpg,rolled-in_scale
pitted_surface_pitted_surface_227.jpg,pitted_surface
inclusion_inclusion_122.jpg,inclusion
scratches_scratches_231.jpg,scratches
pitted_surface_pitted_surface_82.jpg,pitted_surface
rolled-in_scale_rolled-in_scale_180.jpg,rolled-in_scale
scratches_scratches_79.jpg,scratches
patches_patches_121.jpg,patches
inclusion_inclusion_210.jpg,inclusion
pitted_surface_pitted_surface_98.jpg,pitted_surface
patches_patches_198.jpg,patches
scratches_scratches_26.jpg,scratches
scratches_scratches_45.jpg,scratches
crazing_crazing_183.jpg,crazing
rolled-in_scale_rolled-in_scale_22.jpg,rolled-in_scale
crazing_crazing_81.jpg,crazing
inclusion_inclusion_177.jpg,inclusion
crazing_crazing_112.jpg,crazing
patches_patches_161.jpg,patches
rolled-in_scale_rolled-in_scale_58.jpg,rolled-in_scale
rolled-in_scale_rolled-in_scale_103.jpg,rolled-in_scale
rolled-in_scale_rolled-in_scale_135.jpg,rolled-in_scale
rolled-in_scale_rolled-in_scale_12.jpg,rolled-in_scale
pitted_surface_pitted_surface_167.jpg,pitted_surface
scratches_scratches_112.jpg,scratches
inclusion_inclusion_199.jpg,inclusion
scratches_scratches_143.jpg,scratches
inclusion_inclusion_102.jpg,inclusion
patches_patches_234.jpg,patches
rolled-in_scale_rolled-in_scale_232.jpg,rolled-in_scale
scratches_scratches_100.jpg,scratches
pitted_surface_pitted_surface_74.jpg,pitted_surface
patches_patches_88.jpg,patches
crazing_crazing_113.jpg,crazing
crazing_crazing_5.jpg,crazing
scratches_scratches_239.jpg,scratches
pitted_surface_pitted_surface_236.jpg,pitted_surface
crazing_crazing_227.jpg,crazing
pitted_surface_pitted_surface_81.jpg,pitted_surface
inclusion_inclusion_167.jpg,inclusion
pitted_surface_pitted_surface_10.jpg,pitted_surface
crazing_crazing_229.jpg,crazing
patches_patches_221.jpg,patches
crazing_crazing_43.jpg,crazing
scratches_scratches_160.jpg,scratches
rolled-in_scale_rolled-in_scale_81.jpg,rolled-in_scale
inclusion_inclusion_17.jpg,inclusion
scratches_scratches_95.jpg,scratches
rolled-in_scale_rolled-in_scale_7.jpg,rolled-in_scale
scratches_scratches_108.jpg,scratches
pitted_surface_pitted_surface_120.jpg,pitted_surface
inclusion_inclusion_115.jpg,inclusion
rolled-in_scale_rolled-in_scale_230.jpg,rolled-in_scale
scratches_scratches_196.jpg,scratches
patches_patches_98.jpg,patches
inclusion_inclusion_170.jpg,inclusion
crazing_crazing_49.jpg,crazing
scratches_scratches_180.jpg,scratches
crazing_crazing_2.jpg,crazing
rolled-in_scale_rolled-in_scale_202.jpg,rolled-in_scale
crazing_crazing_88.jpg,crazing
inclusion_inclusion_52.jpg,inclusion
patches_patches_214.jpg,patches
patches_patches_131.jpg,patches
inclusion_inclusion_193.jpg,inclusion
scratches_scratches_109.jpg,scratches
pitted_surface_pitted_surface_115.jpg,pitted_surface
scratches_scratches_98.jpg,scratches
scratches_scratches_135.jpg,scratches
pitted_surface_pitted_surface_11.jpg,pitted_surface
pitted_surface_pitted_surface_88.jpg,pitted_surface
inclusion_inclusion_19.jpg,inclusion
patches_patches_63.jpg,patches
pitted_surface_pitted_surface_230.jpg,pitted_surface
pitted_surface_pitted_surface_117.jpg,pitted_surface
inclusion_inclusion_123.jpg,inclusion
scratches_scratches_51.jpg,scratches
inclusion_inclusion_54.jpg,inclusion
rolled-in_scale_rolled-in_scale_165.jpg,rolled-in_scale
patches_patches_133.jpg,patches
rolled-in_scale_rolled-in_scale_46.jpg,rolled-in_scale
patches_patches_115.jpg,patches
patches_patches_140.jpg,patches
inclusion_inclusion_196.jpg,inclusion
inclusion_inclusion_37.jpg,inclusion
crazing_crazing_136.jpg,crazing
rolled-in_scale_rolled-in_scale_122.jpg,rolled-in_scale
pitted_surface_pitted_surface_212.jpg,pitted_surface
crazing_crazing_20.jpg,crazing
patches_patches_93.jpg,patches
patches_patches_175.jpg,patches
rolled-in_scale_rolled-in_scale_143.jpg,rolled-in_scale
pitted_surface_pitted_surface_114.jpg,pitted_surface
inclusion_inclusion_111.jpg,inclusion
inclusion_inclusion_208.jpg,inclusion
pitted_surface_pitted_surface_14.jpg,pitted_surface
crazing_crazing_99.jpg,crazing
patches_patches_15.jpg,patches
rolled-in_scale_rolled-in_scale_98.jpg,rolled-in_scale
inclusion_inclusion_173.jpg,inclusion
patches_patches_96.jpg,patches
pitted_surface_pitted_surface_17.jpg,pitted_surface
patches_patches_122.jpg,patches
pitted_surface_pitted_surface_149.jpg,pitted_surface
crazing_crazing_186.jpg,crazing
rolled-in_scale_rolled-in_scale_51.jpg,rolled-in_scale
inclusion_inclusion_150.jpg,inclusion
scratches_scratches_90.jpg,scratches
inclusion_inclusion_1.jpg,inclusion
pitted_surface_pitted_surface_90.jpg,pitted_surface
rolled-in_scale_rolled-in_scale_210.jpg,rolled-in_scale
scratches_scratches_207.jpg,scratches
scratches_scratches_150.jpg,scratches
crazing_crazing_31.jpg,crazing
scratches_scratches_166.jpg,scratches
scratches_scratches_123.jpg,scratches
inclusion_inclusion_157.jpg,inclusion
patches_patches_152.jpg,patches
patches_patches_173.jpg,patches
scratches_scratches_2.jpg,scratches
patches_patches_139.jpg,patches
pitted_surface_pitted_surface_220.jpg,pitted_surface
patches_patches_156.jpg,patches
rolled-in_scale_rolled-in_scale_91.jpg,rolled-in_scale
rolled-in_scale_rolled-in_scale_92.jpg,rolled-in_scale
scratches_scratches_77.jpg,scratches
crazing_crazing_96.jpg,crazing
pitted_surface_pitted_surface_141.jpg,pitted_surface
crazing_crazing_57.jpg,crazing
crazing_crazing_176.jpg,crazing
inclusion_inclusion_67.jpg,inclusion
patches_patches_59.jpg,patches
patches_patches_197.jpg,patches
scratches_scratches_68.jpg,scratches
scratches_scratches_224.jpg,scratches
crazing_crazing_56.jpg,crazing
pitted_surface_pitted_surface_32.jpg,pitted_surface
crazing_crazing_122.jpg,crazing
scratches_scratches_162.jpg,scratches
crazing_crazing_195.jpg,crazing
scratches_scratches_3.jpg,scratches
rolled-in_scale_rolled-in_scale_216.jpg,rolled-in_scale
scratches_scratches_208.jpg,scratches
inclusion_inclusion_158.jpg,inclusion
scratches_scratches_126.jpg,scratches
scratches_scratches_106.jpg,scratches
pitted_surface_pitted_surface_58.jpg,pitted_surface
patches_patches_194.jpg,patches
pitted_surface_pitted_surface_105.jpg,pitted_surface
patches_patches_191.jpg,patches
rolled-in_scale_rolled-in_scale_213.jpg,rolled-in_scale
crazing_crazing_198.jpg,crazing
crazing_crazing_63.jpg,crazing
rolled-in_scale_rolled-in_scale_35.jpg,rolled-in_scale
pitted_surface_pitted_surface_233.jpg,pitted_surface
scratches_scratches_138.jpg,scratches
pitted_surface_pitted_surface_124.jpg,pitted_surface
scratches_scratches_75.jpg,scratches
patches_patches_195.jpg,patches
patches_patches_32.jpg,patches
patches_patches_4.jpg,patches
rolled-in_scale_rolled-in_scale_99.jpg,rolled-in_scale
crazing_crazing_175.jpg,crazing
inclusion_inclusion_171.jpg,inclusion
crazing_crazing_128.jpg,crazing
pitted_surface_pitted_surface_43.jpg,pitted_surface
scratches_scratches_153.jpg,scratches
scratches_scratches_47.jpg,scratches
patches_patches_2.jpg,patches
rolled-in_scale_rolled-in_scale_67.jpg,rolled-in_scale
rolled-in_scale_rolled-in_scale_130.jpg,rolled-in_scale
scratches_scratches_12.jpg,scratches
crazing_crazing_139.jpg,crazing
inclusion_inclusion_28.jpg,inclusion
crazing_crazing_157.jpg,crazing
rolled-in_scale_rolled-in_scale_137.jpg,rolled-in_scale
patches_patches_207.jpg,patches
pitted_surface_pitted_surface_208.jpg,pitted_surface
pitted_surface_pitted_surface_99.jpg,pitted_surface
pitted_surface_pitted_surface_159.jpg,pitted_surface
patches_patches_220.jpg,patches
scratches_scratches_195.jpg,scratches
pitted_surface_pitted_surface_36.jpg,pitted_surface
inclusion_inclusion_180.jpg,inclusion
rolled-in_scale_rolled-in_scale_75.jpg,rolled-in_scale
pitted_surface_pitted_surface_206.jpg,pitted_surface
inclusion_inclusion_211.jpg,inclusion
pitted_surface_pitted_surface_106.jpg,pitted_surface
inclusion_inclusion_185.jpg,inclusion
crazing_crazing_101.jpg,crazing
pitted_surface_pitted_surface_4.jpg,pitted_surface
scratches_scratches_140.jpg,scratches
rolled-in_scale_rolled-in_scale_185.jpg,rolled-in_scale
inclusion_inclusion_217.jpg,inclusion
crazing_crazing_44.jpg,crazing
crazing_crazing_213.jpg,crazing
rolled-in_scale_rolled-in_scale_82.jpg,rolled-in_scale
crazing_crazing_130.jpg,crazing
patches_patches_47.jpg,patches
crazing_crazing_133.jpg,crazing
scratches_scratches_34.jpg,scratches
pitted_surface_pitted_surface_112.jpg,pitted_surface
pitted_surface_pitted_surface_153.jpg,pitted_surface
rolled-in_scale_rolled-in_scale_205.jpg,rolled-in_scale
crazing_crazing_42.jpg,crazing
patches_patches_40.jpg,patches
pitted_surface_pitted_surface_107.jpg,pitted_surface
pitted_surface_pitted_surface_201.jpg,pitted_surface
pitted_surface_pitted_surface_195.jpg,pitted_surface
crazing_crazing_159.jpg,crazing
pitted_surface_pitted_surface_87.jpg,pitted_surface
pitted_surface_pitted_surface_211.jpg,pitted_surface
scratches_scratches_158.jpg,scratches
pitted_surface_pitted_surface_35.jpg,pitted_surface
patches_patches_9.jpg,patches
inclusion_inclusion_47.jpg,inclusion
scratches_scratches_73.jpg,scratches
inclusion_inclusion_61.jpg,inclusion
inclusion_inclusion_189.jpg,inclusion
patches_patches_141.jpg,patches
patches_patches_11.jpg,patches
crazing_crazing_115.jpg,crazing
inclusion_inclusion_145.jpg,inclusion
crazing_crazing_197.jpg,crazing
patches_patches_85.jpg,patches
pitted_surface_pitted_surface_94.jpg,pitted_surface
crazing_crazing_224.jpg,crazing
patches_patches_73.jpg,patches
inclusion_inclusion_130.jpg,inclusion
rolled-in_scale_rolled-in_scale_57.jpg,rolled-in_scale
patches_patches_148.jpg,patches
patches_patches_192.jpg,patches
pitted_surface_pitted_surface_54.jpg,pitted_surface
scratches_scratches_133.jpg,scratches
crazing_crazing_134.jpg,crazing
pitted_surface_pitted_surface_165.jpg,pitted_surface
crazing_crazing_214.jpg,crazing
scratches_scratches_230.jpg,scratches
patches_patches_132.jpg,patches
scratches_scratches_238.jpg,scratches
scratches_scratches_9.jpg,scratches
scratches_scratches_116.jpg,scratches
crazing_crazing_95.jpg,crazing
patches_patches_110.jpg,patches
inclusion_inclusion_95.jpg,inclusion
scratches_scratches_199.jpg,scratches
inclusion_inclusion_137.jpg,inclusion
scratches_scratches_7.jpg,scratches
crazing_crazing_238.jpg,crazing
inclusion_inclusion_129.jpg,inclusion
inclusion_inclusion_223.jpg,inclusion
inclusion_inclusion_50.jpg,inclusion
rolled-in_scale_rolled-in_scale_186.jpg,rolled-in_scale
inclusion_inclusion_142.jpg,inclusion
pitted_surface_pitted_surface_50.jpg,pitted_surface
pitted_surface_pitted_surface_57.jpg,pitted_surface
patches_patches_179.jpg,patches
crazing_crazing_153.jpg,crazing
scratches_scratches_168.jpg,scratches
inclusion_inclusion_232.jpg,inclusion
inclusion_inclusion_45.jpg,inclusion
patches_patches_71.jpg,patches
scratches_scratches_210.jpg,scratches
patches_patches_45.jpg,patches
pitted_surface_pitted_surface_76.jpg,pitted_surface
pitted_surface_pitted_surface_199.jpg,pitted_surface
crazing_crazing_12.jpg,crazing
inclusion_inclusion_39.jpg,inclusion
pitted_surface_pitted_surface_12.jpg,pitted_surface
scratches_scratches_202.jpg,scratches
patches_patches_126.jpg,patches
crazing_crazing_70.jpg,crazing
scratches_scratches_212.jpg,scratches
inclusion_inclusion_85.jpg,inclusion
crazing_crazing_97.jpg,crazing
rolled-in_scale_rolled-in_scale_173.jpg,rolled-in_scale
patches_patches_204.jpg,patches
inclusion_inclusion_200.jpg,inclusion
rolled-in_scale_rolled-in_scale_25.jpg,rolled-in_scale
scratches_scratches_132.jpg,scratches
patches_patches_146.jpg,patches
scratches_scratches_89.jpg,scratches
inclusion_inclusion_118.jpg,inclusion
pitted_surface_pitted_surface_160.jpg,pitted_surface
patches_patches_210.jpg,patches
crazing_crazing_212.jpg,crazing
pitted_surface_pitted_surface_60.jpg,pitted_surface
inclusion_inclusion_160.jpg,inclusion
pitted_surface_pitted_surface_152.jpg,pitted_surface
pitted_surface_pitted_surface_217.jpg,pitted_surface
patches_patches_66.jpg,patches
inclusion_inclusion_132.jpg,inclusion
inclusion_inclusion_97.jpg,inclusion
rolled-in_scale_rolled-in_scale_96.jpg,rolled-in_scale
crazing_crazing_47.jpg,crazing
pitted_surface_pitted_surface_92.jpg,pitted_surface
crazing_crazing_109.jpg,crazing
pitted_surface_pitted_surface_97.jpg,pitted_surface
scratches_scratches_120.jpg,scratches
rolled-in_scale_rolled-in_scale_93.jpg,rolled-in_scale
pitted_surface_pitted_surface_154.jpg,pitted_surface
crazing_crazing_202.jpg,crazing
pitted_surface_pitted_surface_77.jpg,pitted_surface
pitted_surface_pitted_surface_135.jpg,pitted_surface
inclusion_inclusion_215.jpg,inclusion
rolled-in_scale_rolled-in_scale_231.jpg,rolled-in_scale
rolled-in_scale_rolled-in_scale_110.jpg,rolled-in_scale
inclusion_inclusion_151.jpg,inclusion
scratches_scratches_39.jpg,scratches
rolled-in_scale_rolled-in_scale_117.jpg,rolled-in_scale
crazing_crazing_190.jpg,crazing
rolled-in_scale_rolled-in_scale_14.jpg,rolled-in_scale
inclusion_inclusion_134.jpg,inclusion
scratches_scratches_221.jpg,scratches
patches_patches_136.jpg,patches
crazing_crazing_201.jpg,crazing
inclusion_inclusion_184.jpg,inclusion
crazing_crazing_205.jpg,crazing
scratches_scratches_46.jpg,scratches
patches_patches_145.jpg,patches
pitted_surface_pitted_surface_5.jpg,pitted_surface
scratches_scratches_236.jpg,scratches
rolled-in_scale_rolled-in_scale_97.jpg,rolled-in_scale
scratches_scratches_40.jpg,scratches
patches_patches_30.jpg,patches
scratches_scratches_134.jpg,scratches
crazing_crazing_210.jpg,crazing
patches_patches_223.jpg,patches
inclusion_inclusion_138.jpg,inclusion
patches_patches_95.jpg,patches
crazing_crazing_102.jpg,crazing
crazing_crazing_24.jpg,crazing
patches_patches_125.jpg,patches
rolled-in_scale_rolled-in_scale_199.jpg,rolled-in_scale
scratches_scratches_41.jpg,scratches
patches_patches_147.jpg,patches
scratches_scratches_129.jpg,scratches
inclusion_inclusion_168.jpg,inclusion
inclusion_inclusion_127.jpg,inclusion
pitted_surface_pitted_surface_191.jpg,pitted_surface
rolled-in_scale_rolled-in_scale_17.jpg,rolled-in_scale
crazing_crazing_239.jpg,crazing
patches_patches_118.jpg,patches
pitted_surface_pitted_surface_178.jpg,pitted_surface
rolled-in_scale_rolled-in_scale_225.jpg,rolled-in_scale
patches_patches_232.jpg,patches
crazing_crazing_154.jpg,crazing
patches_patches_48.jpg,patches
crazing_crazing_193.jpg,crazing
pitted_surface_pitted_surface_93.jpg,pitted_surface
scratches_scratches_74.jpg,scratches
inclusion_inclusion_146.jpg,inclusion
rolled-in_scale_rolled-in_scale_65.jpg,rolled-in_scale
inclusion_inclusion_72.jpg,inclusion
patches_patches_106.jpg,patches
patches_patches_100.jpg,patches
patches_patches_111.jpg,patches
crazing_crazing_25.jpg,crazing
scratches_scratches_18.jpg,scratches
inclusion_inclusion_56.jpg,inclusion
inclusion_inclusion_91.jpg,inclusion
inclusion_inclusion_162.jpg,inclusion
pitted_surface_pitted_surface_182.jpg,pitted_surface
rolled-in_scale_rolled-in_scale_101.jpg,rolled-in_scale
inclusion_inclusion_219.jpg,inclusion
patches_patches_34.jpg,patches
rolled-in_scale_rolled-in_scale_187.jpg,rolled-in_scale
inclusion_inclusion_163.jpg,inclusion
crazing_crazing_188.jpg,crazing
inclusion_inclusion_114.jpg,inclusion
patches_patches_76.jpg,patches
rolled-in_scale_rolled-in_scale_214.jpg,rolled-in_scale
rolled-in_scale_rolled-in_scale_88.jpg,rolled-in_scale
inclusion_inclusion_181.jpg,inclusion
patches_patches_231.jpg,patches
pitted_surface_pitted_surface_174.jpg,pitted_surface
pitted_surface_pitted_surface_170.jpg,pitted_surface
inclusion_inclusion_107.jpg,inclusion
scratches_scratches_161.jpg,scratches
pitted_surface_pitted_surface_238.jpg,pitted_surface
pitted_surface_pitted_surface_219.jpg,pitted_surface
scratches_scratches_139.jpg,scratches
inclusion_inclusion_24.jpg,inclusion
scratches_scratches_237.jpg,scratches
crazing_crazing_211.jpg,crazing
patches_patches_196.jpg,patches
scratches_scratches_17.jpg,scratches
inclusion_inclusion_90.jpg,inclusion
scratches_scratches_36.jpg,scratches
pitted_surface_pitted_surface_177.jpg,pitted_surface
patches_patches_119.jpg,patches
pitted_surface_pitted_surface_116.jpg,pitted_surface
pitted_surface_pitted_surface_179.jpg,pitted_surface
rolled-in_scale_rolled-in_scale_105.jpg,rolled-in_scale
scratches_scratches_86.jpg,scratches
scratches_scratches_189.jpg,scratches
pitted_surface_pitted_surface_49.jpg,pitted_surface
pitted_surface_pitted_surface_225.jpg,pitted_surface
patches_patches_97.jpg,patches
crazing_crazing_45.jpg,crazing
pitted_surface_pitted_surface_216.jpg,pitted_surface
crazing_crazing_48.jpg,crazing
scratches_scratches_179.jpg,scratches
pitted_surface_pitted_surface_86.jpg,pitted_surface
crazing_crazing_23.jpg,crazing
inclusion_inclusion_165.jpg,inclusion
inclusion_inclusion_126.jpg,inclusion
patches_patches_211.jpg,patches
scratches_scratches_32.jpg,scratches
crazing_crazing_41.jpg,crazing
inclusion_inclusion_194.jpg,inclusion
patches_patches_233.jpg,patches
pitted_surface_pitted_surface_29.jpg,pitted_surface
inclusion_inclusion_14.jpg,inclusion
crazing_crazing_129.jpg,crazing
patches_patches_79.jpg,patches
scratches_scratches_204.jpg,scratches
rolled-in_scale_rolled-in_scale_125.jpg,rolled-in_scale
inclusion_inclusion_87.jpg,inclusion
rolled-in_scale_rolled-in_scale_78.jpg,rolled-in_scale
pitted_surface_pitted_surface_80.jpg,pitted_surface
patches_patches_240.jpg,patches
patches_patches_202.jpg,patches
rolled-in_scale_rolled-in_scale_49.jpg,rolled-in_scale
scratches_scratches_54.jpg,scratches
pitted_surface_pitted_surface_136.jpg,pitted_surface
patches_patches_104.jpg,patches
crazing_crazing_15.jpg,crazing
rolled-in_scale_rolled-in_scale_104.jpg,rolled-in_scale
crazing_crazing_19.jpg,crazing
rolled-in_scale_rolled-in_scale_179.jpg,rolled-in_scale
crazing_crazing_93.jpg,crazing
scratches_scratches_71.jpg,scratches
inclusion_inclusion_119.jpg,inclusion
rolled-in_scale_rolled-in_scale_87.jpg,rolled-in_scale
patches_patches_103.jpg,patches
pitted_surface_pitted_surface_137.jpg,pitted_surface
crazing_crazing_138.jpg,crazing
rolled-in_scale_rolled-in_scale_198.jpg,rolled-in_scale
rolled-in_scale_rolled-in_scale_21.jpg,rolled-in_scale
patches_patches_69.jpg,patches
patches_patches_102.jpg,patches
rolled-in_scale_rolled-in_scale_31.jpg,rolled-in_scale
inclusion_inclusion_195.jpg,inclusion
pitted_surface_pitted_surface_180.jpg,pitted_surface
crazing_crazing_161.jpg,crazing
crazing_crazing_108.jpg,crazing
rolled-in_scale_rolled-in_scale_124.jpg,rolled-in_scale
patches_patches_77.jpg,patches
scratches_scratches_192.jpg,scratches
rolled-in_scale_rolled-in_scale_89.jpg,rolled-in_scale
rolled-in_scale_rolled-in_scale_77.jpg,rolled-in_scale
rolled-in_scale_rolled-in_scale_145.jpg,rolled-in_scale
rolled-in_scale_rolled-in_scale_108.jpg,rolled-in_scale
patches_patches_209.jpg,patches
inclusion_inclusion_156.jpg,inclusion
pitted_surface_pitted_surface_138.jpg,pitted_surface
pitted_surface_pitted_surface_44.jpg,pitted_surface
rolled-in_scale_rolled-in_scale_239.jpg,rolled-in_scale
scratches_scratches_137.jpg,scratches
patches_patches_60.jpg,patches
scratches_scratches_203.jpg,scratches
crazing_crazing_77.jpg,crazing
scratches_scratches_152.jpg,scratches
rolled-in_scale_rolled-in_scale_48.jpg,rolled-in_scale
inclusion_inclusion_40.jpg,inclusion
scratches_scratches_170.jpg,scratches
patches_patches_178.jpg,patches
pitted_surface_pitted_surface_89.jpg,pitted_surface
inclusion_inclusion_205.jpg,inclusion
inclusion_inclusion_120.jpg,inclusion
patches_patches_199.jpg,patches
crazing_crazing_185.jpg,crazing
rolled-in_scale_rolled-in_scale_68.jpg,rolled-in_scale
inclusion_inclusion_76.jpg,inclusion
inclusion_inclusion_225.jpg,inclusion
inclusion_inclusion_154.jpg,inclusion
inclusion_inclusion_179.jpg,inclusion
patches_patches_87.jpg,patches
rolled-in_scale_rolled-in_scale_70.jpg,rolled-in_scale
patches_patches_35.jpg,patches
rolled-in_scale_rolled-in_scale_36.jpg,rolled-in_scale
pitted_surface_pitted_surface_34.jpg,pitted_surface
pitted_surface_pitted_surface_185.jpg,pitted_surface
scratches_scratches_130.jpg,scratches
patches_patches_116.jpg,patches
scratches_scratches_8.jpg,scratches
pitted_surface_pitted_surface_224.jpg,pitted_surface
rolled-in_scale_rolled-in_scale_114.jpg,rolled-in_scale
scratches_scratches_63.jpg,scratches
scratches_scratches_184.jpg,scratches
patches_patches_177.jpg,patches
crazing_crazing_16.jpg,crazing
scratches_scratches_97.jpg,scratches
rolled-in_scale_rolled-in_scale_238.jpg,rolled-in_scale
rolled-in_scale_rolled-in_scale_76.jpg,rolled-in_scale
inclusion_inclusion_9.jpg,inclusion
crazing_crazing_137.jpg,crazing
patches_patches_227.jpg,patches
crazing_crazing_182.jpg,crazing
crazing_crazing_187.jpg,crazing
inclusion_inclusion_203.jpg,inclusion
patches_patches_92.jpg,patches
pitted_surface_pitted_surface_240.jpg,pitted_surface
inclusion_inclusion_12.jpg,inclusion
scratches_scratches_165.jpg,scratches
pitted_surface_pitted_surface_222.jpg,pitted_surface
rolled-in_scale_rolled-in_scale_56.jpg,rolled-in_scale
rolled-in_scale_rolled-in_scale_63.jpg,rolled-in_scale
rolled-in_scale_rolled-in_scale_111.jpg,rolled-in_scale
scratches_scratches_174.jpg,scratches
rolled-in_scale_rolled-in_scale_209.jpg,rolled-in_scale
rolled-in_scale_rolled-in_scale_192.jpg,rolled-in_scale
pitted_surface_pitted_surface_145.jpg,pitted_surface
crazing_crazing_71.jpg,crazing
crazing_crazing_74.jpg,crazing
crazing_crazing_39.jpg,crazing
crazing_crazing_131.jpg,crazing
pitted_surface_pitted_surface_213.jpg,pitted_surface
patches_patches_149.jpg,patches
rolled-in_scale_rolled-in_scale_15.jpg,rolled-in_scale
inclusion_inclusion_113.jpg,inclusion
patches_patches_239.jpg,patches
pitted_surface_pitted_surface_194.jpg,pitted_surface
pitted_surface_pitted_surface_203.jpg,pitted_surface
rolled-in_scale_rolled-in_scale_112.jpg,rolled-in_scale
scratches_scratches_205.jpg,scratches
patches_patches_187.jpg,patches
rolled-in_scale_rolled-in_scale_146.jpg,rolled-in_scale
crazing_crazing_29.jpg,crazing
pitted_surface_pitted_surface_85.jpg,pitted_surface
pitted_surface_pitted_surface_158.jpg,pitted_surface
rolled-in_scale_rolled-in_scale_229.jpg,rolled-in_scale
inclusion_inclusion_15.jpg,inclusion
patches_patches_23.jpg,patches
pitted_surface_pitted_surface_83.jpg,pitted_surface
scratches_scratches_176.jpg,scratches
rolled-in_scale_rolled-in_scale_144.jpg,rolled-in_scale
scratches_scratches_94.jpg,scratches
crazing_crazing_165.jpg,crazing
crazing_crazing_107.jpg,crazing
inclusion_inclusion_101.jpg,inclusion
inclusion_inclusion_35.jpg,inclusion
patches_patches_212.jpg,patches
crazing_crazing_234.jpg,crazing
crazing_crazing_220.jpg,crazing
crazing_crazing_180.jpg,crazing
crazing_crazing_11.jpg,crazing
scratches_scratches_110.jpg,scratches
inclusion_inclusion_169.jpg,inclusion
crazing_crazing_168.jpg,crazing
crazing_crazing_169.jpg,crazing
rolled-in_scale_rolled-in_scale_109.jpg,rolled-in_scale
inclusion_inclusion_55.jpg,inclusion
crazing_crazing_104.jpg,crazing
rolled-in_scale_rolled-in_scale_172.jpg,rolled-in_scale
rolled-in_scale_rolled-in_scale_84.jpg,rolled-in_scale
scratches_scratches_44.jpg,scratches
scratches_scratches_56.jpg,scratches
pitted_surface_pitted_surface_130.jpg,pitted_surface
rolled-in_scale_rolled-in_scale_34.jpg,rolled-in_scale
rolled-in_scale_rolled-in_scale_212.jpg,rolled-in_scale
pitted_surface_pitted_surface_239.jpg,pitted_surface
rolled-in_scale_rolled-in_scale_207.jpg,rolled-in_scale
pitted_surface_pitted_surface_189.jpg,pitted_surface
crazing_crazing_230.jpg,crazing
inclusion_inclusion_59.jpg,inclusion
patches_patches_57.jpg,patches
patches_patches_183.jpg,patches
crazing_crazing_6.jpg,crazing
rolled-in_scale_rolled-in_scale_54.jpg,rolled-in_scale
scratches_scratches_67.jpg,scratches
pitted_surface_pitted_surface_131.jpg,pitted_surface
crazing_crazing_34.jpg,crazing
pitted_surface_pitted_surface_142.jpg,pitted_surface
patches_patches_113.jpg,patches
scratches_scratches_37.jpg,scratches
patches_patches_205.jpg,patches
inclusion_inclusion_153.jpg,inclusion
scratches_scratches_118.jpg,scratches
crazing_crazing_200.jpg,crazing
crazing_crazing_60.jpg,crazing
scratches_scratches_23.jpg,scratches
pitted_surface_pitted_surface_171.jpg,pitted_surface
scratches_scratches_194.jpg,scratches
patches_patches_142.jpg,patches
crazing_crazing_140.jpg,crazing
patches_patches_20.jpg,patches
rolled-in_scale_rolled-in_scale_4.jpg,rolled-in_scale
inclusion_inclusion_187.jpg,inclusion
scratches_scratches_151.jpg,scratches
rolled-in_scale_rolled-in_scale_59.jpg,rolled-in_scale
inclusion_inclusion_109.jpg,inclusion
scratches_scratches_141.jpg,scratches
pitted_surface_pitted_surface_125.jpg,pitted_surface
pitted_surface_pitted_surface_150.jpg,pitted_surface
patches_patches_151.jpg,patches
pitted_surface_pitted_surface_196.jpg,pitted_surface
rolled-in_scale_rolled-in_scale_6.jpg,rolled-in_scale
pitted_surface_pitted_surface_132.jpg,pitted_surface
inclusion_inclusion_190.jpg,inclusion
pitted_surface_pitted_surface_215.jpg,pitted_surface
crazing_crazing_62.jpg,crazing
pitted_surface_pitted_surface_73.jpg,pitted_surface
pitted_surface_pitted_surface_228.jpg,pitted_surface
inclusion_inclusion_21.jpg,inclusion
pitted_surface_pitted_surface_48.jpg,pitted_surface
rolled-in_scale_rolled-in_scale_196.jpg,rolled-in_scale
crazing_crazing_237.jpg,crazing
scratches_scratches_61.jpg,scratches
rolled-in_scale_rolled-in_scale_177.jpg,rolled-in_scale
inclusion_inclusion_57.jpg,inclusion
patches_patches_84.jpg,patches
rolled-in_scale_rolled-in_scale_50.jpg,rolled-in_scale
rolled-in_scale_rolled-in_scale_151.jpg,rolled-in_scale
crazing_crazing_28.jpg,crazing
crazing_crazing_7.jpg,crazing
scratches_scratches_121.jpg,scratches
rolled-in_scale_rolled-in_scale_236.jpg,rolled-in_scale
inclusion_inclusion_110.jpg,inclusion
pitted_surface_pitted_surface_47.jpg,pitted_surface
patches_patches_135.jpg,patches
patches_patches_229.jpg,patches
pitted_surface_pitted_surface_26.jpg,pitted_surface
rolled-in_scale_rolled-in_scale_150.jpg,rolled-in_scale
inclusion_inclusion_41.jpg,inclusion
crazing_crazing_207.jpg,crazing
pitted_surface_pitted_surface_139.jpg,pitted_surface
scratches_scratches_149.jpg,scratches
patches_patches_86.jpg,patches
pitted_surface_pitted_surface_96.jpg,pitted_surface
rolled-in_scale_rolled-in_scale_153.jpg,rolled-in_scale
rolled-in_scale_rolled-in_scale_120.jpg,rolled-in_scale
crazing_crazing_158.jpg,crazing
crazing_crazing_26.jpg,crazing
crazing_crazing_125.jpg,crazing
crazing_crazing_172.jpg,crazing
inclusion_inclusion_36.jpg,inclusion
scratches_scratches_233.jpg,scratches
patches_patches_61.jpg,patches
scratches_scratches_229.jpg,scratches
scratches_scratches_93.jpg,scratches
scratches_scratches_197.jpg,scratches
rolled-in_scale_rolled-in_scale_53.jpg,rolled-in_scale
patches_patches_219.jpg,patches
patches_patches_123.jpg,patches
pitted_surface_pitted_surface_66.jpg,pitted_surface
pitted_surface_pitted_surface_22.jpg,pitted_surface
patches_patches_190.jpg,patches
crazing_crazing_103.jpg,crazing
pitted_surface_pitted_surface_52.jpg,pitted_surface
crazing_crazing_204.jpg,crazing
scratches_scratches_227.jpg,scratches
rolled-in_scale_rolled-in_scale_10.jpg,rolled-in_scale
patches_patches_25.jpg,patches
patches_patches_17.jpg,patches
inclusion_inclusion_227.jpg,inclusion
rolled-in_scale_rolled-in_scale_166.jpg,rolled-in_scale
inclusion_inclusion_58.jpg,inclusion
rolled-in_scale_rolled-in_scale_44.jpg,rolled-in_scale
rolled-in_scale_rolled-in_scale_2.jpg,rolled-in_scale
inclusion_inclusion_143.jpg,inclusion
inclusion_inclusion_51.jpg,inclusion
inclusion_inclusion_74.jpg,inclusion
rolled-in_scale_rolled-in_scale_193.jpg,rolled-in_scale
patches_patches_120.jpg,patches
crazing_crazing_116.jpg,crazing
scratches_scratches_223.jpg,scratches
scratches_scratches_175.jpg,scratches
rolled-in_scale_rolled-in_scale_201.jpg,rolled-in_scale
rolled-in_scale_rolled-in_scale_200.jpg,rolled-in_scale
inclusion_inclusion_149.jpg,inclusion
scratches_scratches_220.jpg,scratches
inclusion_inclusion_233.jpg,inclusion
patches_patches_167.jpg,patches
inclusion_inclusion_48.jpg,inclusion
inclusion_inclusion_70.jpg,inclusion
rolled-in_scale_rolled-in_scale_72.jpg,rolled-in_scale
inclusion_inclusion_207.jpg,inclusion
scratches_scratches_10.jpg,scratches
pitted_surface_pitted_surface_111.jpg,pitted_surface
patches_patches_155.jpg,patches
scratches_scratches_60.jpg,scratches
rolled-in_scale_rolled-in_scale_62.jpg,rolled-in_scale
pitted_surface_pitted_surface_183.jpg,pitted_surface
patches_patches_134.jpg,patches
scratches_scratches_190.jpg,scratches
patches_patches_208.jpg,patches
inclusion_inclusion_86.jpg,inclusion
rolled-in_scale_rolled-in_scale_74.jpg,rolled-in_scale
patches_patches_56.jpg,patches
patches_patches_62.jpg,patches
rolled-in_scale_rolled-in_scale_139.jpg,rolled-in_scale
scratches_scratches_146.jpg,scratches
patches_patches_236.jpg,patches
crazing_crazing_8.jpg,crazing
inclusion_inclusion_43.jpg,inclusion
crazing_crazing_225.jpg,crazing
scratches_scratches_87.jpg,scratches
crazing_crazing_206.jpg,crazing
pitted_surface_pitted_surface_21.jpg,pitted_surface
rolled-in_scale_rolled-in_scale_228.jpg,rolled-in_scale
inclusion_inclusion_218.jpg,inclusion
pitted_surface_pitted_surface_231.jpg,pitted_surface
pitted_surface_pitted_surface_24.jpg,pitted_surface
rolled-in_scale_rolled-in_scale_141.jpg,rolled-in_scale
inclusion_inclusion_112.jpg,inclusion
scratches_scratches_16.jpg,scratches
crazing_crazing_86.jpg,crazing
pitted_surface_pitted_surface_63.jpg,pitted_surface
scratches_scratches_19.jpg,scratches
patches_patches_89.jpg,patches
rolled-in_scale_rolled-in_scale_149.jpg,rolled-in_scale
rolled-in_scale_rolled-in_scale_32.jpg,rolled-in_scale
patches_patches_226.jpg,patches
scratches_scratches_136.jpg,scratches
pitted_surface_pitted_surface_210.jpg,pitted_surface
crazing_crazing_75.jpg,crazing
rolled-in_scale_rolled-in_scale_5.jpg,rolled-in_scale
scratches_scratches_84.jpg,scratches
rolled-in_scale_rolled-in_scale_181.jpg,rolled-in_scale
crazing_crazing_163.jpg,crazing
crazing_crazing_58.jpg,crazing
rolled-in_scale_rolled-in_scale_170.jpg,rolled-in_scale
patches_patches_72.jpg,patches
pitted_surface_pitted_surface_42.jpg,pitted_surface
inclusion_inclusion_100.jpg,inclusion
patches_patches_181.jpg,patches
rolled-in_scale_rolled-in_scale_23.jpg,rolled-in_scale
rolled-in_scale_rolled-in_scale_175.jpg,rolled-in_scale
patches_patches_58.jpg,patches
pitted_surface_pitted_surface_56.jpg,pitted_surface
patches_patches_238.jpg,patches
rolled-in_scale_rolled-in_scale_95.jpg,rolled-in_scale
scratches_scratches_172.jpg,scratches
scratches_scratches_78.jpg,scratches
patches_patches_218.jpg,patches
crazing_crazing_124.jpg,crazing
crazing_crazing_194.jpg,crazing
inclusion_inclusion_88.jpg,inclusion
crazing_crazing_162.jpg,crazing
scratches_scratches_49.jpg,scratches
inclusion_inclusion_139.jpg,inclusion
inclusion_inclusion_140.jpg,inclusion
rolled-in_scale_rolled-in_scale_24.jpg,rolled-in_scale
rolled-in_scale_rolled-in_scale_176.jpg,rolled-in_scale
rolled-in_scale_rolled-in_scale_128.jpg,rolled-in_scale
pitted_surface_pitted_surface_39.jpg,pitted_surface
rolled-in_scale_rolled-in_scale_47.jpg,rolled-in_scale
rolled-in_scale_rolled-in_scale_9.jpg,rolled-in_scale
crazing_crazing_100.jpg,crazing
scratches_scratches_187.jpg,scratches
scratches_scratches_65.jpg,scratches
inclusion_inclusion_164.jpg,inclusion
inclusion_inclusion_159.jpg,inclusion
rolled-in_scale_rolled-in_scale_133.jpg,rolled-in_scale
crazing_crazing_1.jpg,crazing
pitted_surface_pitted_surface_186.jpg,pitted_surface
rolled-in_scale_rolled-in_scale_148.jpg,rolled-in_scale
scratches_scratches_215.jpg,scratches
inclusion_inclusion_13.jpg,inclusion
crazing_crazing_218.jpg,crazing
patches_patches_217.jpg,patches
pitted_surface_pitted_surface_164.jpg,pitted_surface
inclusion_inclusion_81.jpg,inclusion
scratches_scratches_167.jpg,scratches
inclusion_inclusion_105.jpg,inclusion
crazing_crazing_61.jpg,crazing
crazing_crazing_38.jpg,crazing
scratches_scratches_235.jpg,scratches
patches_patches_108.jpg,patches
inclusion_inclusion_116.jpg,inclusion
pitted_surface_pitted_surface_37.jpg,pitted_surface
crazing_crazing_14.jpg,crazing
patches_patches_65.jpg,patches
scratches_scratches_183.jpg,scratches
scratches_scratches_218.jpg,scratches
inclusion_inclusion_240.jpg,inclusion
rolled-in_scale_rolled-in_scale_69.jpg,rolled-in_scale
inclusion_inclusion_238.jpg,inclusion
pitted_surface_pitted_surface_113.jpg,pitted_surface
pitted_surface_pitted_surface_31.jpg,pitted_surface
pitted_surface_pitted_surface_192.jpg,pitted_surface
inclusion_inclusion_186.jpg,inclusion
pitted_surface_pitted_surface_118.jpg,pitted_surface
inclusion_inclusion_11.jpg,inclusion
pitted_surface_pitted_surface_18.jpg,pitted_surface
patches_patches_67.jpg,patches
pitted_surface_pitted_surface_19.jpg,pitted_surface
inclusion_inclusion_144.jpg,inclusion
crazing_crazing_127.jpg,crazing
crazing_crazing_232.jpg,crazing
scratches_scratches_99.jpg,scratches
scratches_scratches_103.jpg,scratches
crazing_crazing_141.jpg,crazing
scratches_scratches_117.jpg,scratches
inclusion_inclusion_148.jpg,inclusion
crazing_crazing_83.jpg,crazing
scratches_scratches_219.jpg,scratches
rolled-in_scale_rolled-in_scale_55.jpg,rolled-in_scale
patches_patches_163.jpg,patches
scratches_scratches_171.jpg,scratches
pitted_surface_pitted_surface_3.jpg,pitted_surface
scratches_scratches_119.jpg,scratches
crazing_crazing_120.jpg,crazing
crazing_crazing_145.jpg,crazing
pitted_surface_pitted_surface_126.jpg,pitted_surface
scratches_scratches_232.jpg,scratches
scratches_scratches_102.jpg,scratches
scratches_scratches_104.jpg,scratches
crazing_crazing_59.jpg,crazing
rolled-in_scale_rolled-in_scale_86.jpg,rolled-in_scale
pitted_surface_pitted_surface_79.jpg,pitted_surface
rolled-in_scale_rolled-in_scale_194.jpg,rolled-in_scale
inclusion_inclusion_71.jpg,inclusion
pitted_surface_pitted_surface_13.jpg,pitted_surface
rolled-in_scale_rolled-in_scale_190.jpg,rolled-in_scale
inclusion_inclusion_191.jpg,inclusion
rolled-in_scale_rolled-in_scale_136.jpg,rolled-in_scale
scratches_scratches_173.jpg,scratches
crazing_crazing_17.jpg,crazing
inclusion_inclusion_197.jpg,inclusion
patches_patches_39.jpg,patches
scratches_scratches_29.jpg,scratches
inclusion_inclusion_178.jpg,inclusion
inclusion_inclusion_53.jpg,inclusion
pitted_surface_pitted_surface_68.jpg,pitted_surface
scratches_scratches_111.jpg,scratches
pitted_surface_pitted_surface_25.jpg,pitted_surface
pitted_surface_pitted_surface_123.jpg,pitted_surface
pitted_surface_pitted_surface_156.jpg,pitted_surface
rolled-in_scale_rolled-in_scale_26.jpg,rolled-in_scale
pitted_surface_pitted_surface_168.jpg,pitted_surface
scratches_scratches_234.jpg,scratches
crazing_crazing_21.jpg,crazing
inclusion_inclusion_183.jpg,inclusion
scratches_scratches_58.jpg,scratches
crazing_crazing_173.jpg,crazing
crazing_crazing_90.jpg,crazing
scratches_scratches_128.jpg,scratches
inclusion_inclusion_60.jpg,inclusion
inclusion_inclusion_4.jpg,inclusion
scratches_scratches_88.jpg,scratches
rolled-in_scale_rolled-in_scale_159.jpg,rolled-in_scale
rolled-in_scale_rolled-in_scale_208.jpg,rolled-in_scale
patches_patches_169.jpg,patches
crazing_crazing_167.jpg,crazing
scratches_scratches_164.jpg,scratches
inclusion_inclusion_135.jpg,inclusion
crazing_crazing_40.jpg,crazing
patches_patches_216.jpg,patches
scratches_scratches_35.jpg,scratches
rolled-in_scale_rolled-in_scale_127.jpg,rolled-in_scale
patches_patches_41.jpg,patches
pitted_surface_pitted_surface_110.jpg,pitted_surface
rolled-in_scale_rolled-in_scale_129.jpg,rolled-in_scale
patches_patches_153.jpg,patches
pitted_surface_pitted_surface_172.jpg,pitted_surface
inclusion_inclusion_221.jpg,inclusion
crazing_crazing_50.jpg,crazing
inclusion_inclusion_125.jpg,inclusion
pitted_surface_pitted_surface_166.jpg,pitted_surface
patches_patches_107.jpg,patches
crazing_crazing_155.jpg,crazing
patches_patches_180.jpg,patches
crazing_crazing_46.jpg,crazing
rolled-in_scale_rolled-in_scale_162.jpg,rolled-in_scale
pitted_surface_pitted_surface_104.jpg,pitted_surface
patches_patches_114.jpg,patches
patches_patches_64.jpg,patches
patches_patches_82.jpg,patches
inclusion_inclusion_79.jpg,inclusion
patches_patches_31.jpg,patches
inclusion_inclusion_161.jpg,inclusion
scratches_scratches_193.jpg,scratches
patches_patches_162.jpg,patches
inclusion_inclusion_121.jpg,inclusion
rolled-in_scale_rolled-in_scale_118.jpg,rolled-in_scale
rolled-in_scale_rolled-in_scale_30.jpg,rolled-in_scale
inclusion_inclusion_30.jpg,inclusion
inclusion_inclusion_69.jpg,inclusion
scratches_scratches_131.jpg,scratches
crazing_crazing_126.jpg,crazing
rolled-in_scale_rolled-in_scale_119.jpg,rolled-in_scale
scratches_scratches_101.jpg,scratches
scratches_scratches_145.jpg,scratches
scratches_scratches_113.jpg,scratches
pitted_surface_pitted_surface_33.jpg,pitted_surface
patches_patches_90.jpg,patches
inclusion_inclusion_222.jpg,inclusion
crazing_crazing_223.jpg,crazing
rolled-in_scale_rolled-in_scale_178.jpg,rolled-in_scale
rolled-in_scale_rolled-in_scale_64.jpg,rolled-in_scale
inclusion_inclusion_155.jpg,inclusion
patches_patches_168.jpg,patches
pitted_surface_pitted_surface_134.jpg,pitted_surface
inclusion_inclusion_175.jpg,inclusion
rolled-in_scale_rolled-in_scale_191.jpg,rolled-in_scale
inclusion_inclusion_103.jpg,inclusion
patches_patches_158.jpg,patches
scratches_scratches_25.jpg,scratches
crazing_crazing_30.jpg,crazing
patches_patches_186.jpg,patches
patches_patches_154.jpg,patches
scratches_scratches_27.jpg,scratches
crazing_crazing_184.jpg,crazing
rolled-in_scale_rolled-in_scale_195.jpg,rolled-in_scale
patches_patches_6.jpg,patches
scratches_scratches_156.jpg,scratches
patches_patches_46.jpg,patches
pitted_surface_pitted_surface_16.jpg,pitted_surface
patches_patches_49.jpg,patches
scratches_scratches_211.jpg,scratches
pitted_surface_pitted_surface_40.jpg,pitted_surface
crazing_crazing_149.jpg,crazing
patches_patches_164.jpg,patches
inclusion_inclusion_124.jpg,inclusion
scratches_scratches_122.jpg,scratches
inclusion_inclusion_32.jpg,inclusion
rolled-in_scale_rolled-in_scale_240.jpg,rolled-in_scale
crazing_crazing_222.jpg,crazing
crazing_crazing_9.jpg,crazing
rolled-in_scale_rolled-in_scale_60.jpg,rolled-in_scale
inclusion_inclusion_73.jpg,inclusion
pitted_surface_pitted_surface_51.jpg,pitted_surface
crazing_crazing_135.jpg,crazing
crazing_crazing_69.jpg,crazing
pitted_surface_pitted_surface_207.jpg,pitted_surface
inclusion_inclusion_84.jpg,inclusion
pitted_surface_pitted_surface_161.jpg,pitted_surface
patches_patches_176.jpg,patches
patches_patches_68.jpg,patches
patches_patches_16.jpg,patches
scratches_scratches_53.jpg,scratches
patches_patches_144.jpg,patches
inclusion_inclusion_239.jpg,inclusion
pitted_surface_pitted_surface_235.jpg,pitted_surface
patches_patches_203.jpg,patches
rolled-in_scale_rolled-in_scale_147.jpg,rolled-in_scale
rolled-in_scale_rolled-in_scale_217.jpg,rolled-in_scale
patches_patches_37.jpg,patches
scratches_scratches_11.jpg,scratches
rolled-in_scale_rolled-in_scale_123.jpg,rolled-in_scale
scratches_scratches_222.jpg,scratches
crazing_crazing_209.jpg,crazing
pitted_surface_pitted_surface_202.jpg,pitted_surface
pitted_surface_pitted_surface_55.jpg,pitted_surface
inclusion_inclusion_201.jpg,inclusion
rolled-in_scale_rolled-in_scale_197.jpg,rolled-in_scale
patches_patches_53.jpg,patches
inclusion_inclusion_44.jpg,inclusion
crazing_crazing_221.jpg,crazing
scratches_scratches_188.jpg,scratches
rolled-in_scale_rolled-in_scale_90.jpg,rolled-in_scale
scratches_scratches_5.jpg,scratches
patches_patches_172.jpg,patches
rolled-in_scale_rolled-in_scale_61.jpg,rolled-in_scale
crazing_crazing_82.jpg,crazing
rolled-in_scale_rolled-in_scale_94.jpg,rolled-in_scale
inclusion_inclusion_176.jpg,inclusion
crazing_crazing_160.jpg,crazing
